Property,Request,Date Posted
Tides 1411,FULL,8/14/24
ARIEL404,FULL (New furniture),8/6/24
Surf's Up,Full + Community Amenities,7/24/24
Tradewinds 14,Exteriors ,7/23/24
Dune Vista,Construction Drones,7/19/24
Beachside Towers II 4243,Full  (Maintenance Block - Renovation + Bedding Change),7/17//24
Toes In The Sand,New Drone,7/6/24
Crystal Dunes 502,Summer Reshoot (edit),7/6/24
Grayton Place 5 (LIVE),Full + Missing Bathroom Just Loaded,7/3/24
Tuscany,Full,6/28/24
Grayton Time,Full,6/28/24
MS362,Full,6/19/24
Blessed House,Full,6/19/24
Amalfi Coast 108A,Full,6/18/24
Grayton Dream,Full,6/17/24
Slice of Paradise,Full,6/16/24
Crystal Sands 306A,Full,6/14/24
Sweaty Palms,Rennovation,6/14/24
Ariel Dunes I 1201,Full,6/14/24
Sterling Shores 306,Full,6/14/24
Huntington By The Sea 304,Full,6/14/24
Aqua,Full (total bedding),6/12/24
Seawinds 4,Living + Dining (New furniture),6/6/24
Ariel Dunes II 802,Full (total bedding),6/5/24
Townhomes at Crystal Beach 1,Full (new flooring throughout),6/5/24
Sand Wishes,Full Shoot,6/4/24
B-Happy,Full Shoot,6/4/24
Emerald Ayes,Full Interior Shoot,6/3/24
Sable Pointe West 101,Full Interior Shoot,6/3/24
Tresca Pines,String Lights at Dusk,6/3/24
Lazy Dayz,Full Shoot,6/1/24
Destiny's Retreat,"Living, Kitchen, Dining, Primary Bed + Bath",6/1/24
Cole Beck's Cove,Bonus Den,6/1/24
Mainsail 162,New Property,6/1/24
Alexander at Palm Court 205,New Property,6/1/24
Beach Resort 508,Full Shoot,6/1/24
Mainsail 382,New Property,5/30/24
Empress 704,Full Shoot,5/30/24
Jade East Towers 420,Full Shoot,5/30/24
Graytfully B,Drone Image,5/29/24
Beachside Condo 7,Full Shoot,5/28/24
Sterling Shores 810,New Property,5/25/24
Majestic Sun 501B,New Property,5/25/24
Five O'Clock Somewhere,New Property,5/25/24
Summerhaven 1,Full Shoot,5/23/24
Lion on the Beach,New Property,5/21/24
Seawinds 3,Full Shoot,5/18/24
Sun Of A Beach,Full Shoot,5/18/24
Peek A View,Full Interior Shoot,5/16/24
Paradise Pointe,Full Shoot,5/15/24
Grayton Sea Glass,Full Shoot,5/13/24
Crystal Dunes 407,Full Shoot,5/13/24
Bellagio,New Property,5/11/24
Grayton Place 5,New Property,5/11/24
Crystal Dunes 504,Full Shoot,5/9/24
Amalfi Coast 209A,New Property,5/9/24
Empress 301,Full Shoot,5/9/24
Mario Cottage,Full Interior Shoot,5/7/24
Destin Beach Club 215,Full Shoot,5/7/24
Majestic Sun 310B,Master Shower,5/4/24
Ariel Dunes II 2101,Full Shoot,5/4/24
Ariel Dunes I 2109,Full Shoot,5/4/24
Camelot,New Property,5/1/24
Mainsail 146,New Property,5/1/24
Emerald Waters 206,Full Shoot,4/30/24
Sandcastle Dreams,New Property,4/30/24
Casablanca,Full Shoot,4/29/24
Huntington By The Sea 304,New Temp Images,4/29/24
Commanders Palace,New Property,4/22/24
Amalfi Coast 202A,New Property,4/18/24
Mainsail 271,New Property,4/18/24
Seacrest Townhomes 8,New Property,4/13/24
Mainsail 125,Full Shoot,4/11/24
Pelican Beach Resort 214,Full Shoot,4/11/24
Sea to Shining Sea,Construction Drone,4/10/24
Windancer 205,Full Shoot,4/10/24
Shoreline 9,Construction Drone,4/4/24
Day Dreamer,Drones,4/4/24
Blessed,From Water,4/3/24
Grandview,From Water,4/3/24
Legacy,From Water,4/3/24
Ariel Dunes II 1610,Master Bedroom + Balcony,4/2/24
Aqua Sound,From Water,4/2/24
Land Zen,From Water,4/2/24
Silver Shells St Lucia 501,Full Shoot,4/2/24
Down by the Sea,Full Shoot,4/1/24
Majestic Sun 310B,Full Shoot,4/1/24
Mainsail 282,New Property,3/30/24
Dalton Place,Neighborhood Images,3/30/24
Costa Del Sol B8,Full Shoot,3/28/24
Shore-E-Nuff,From Water + Construction,3/26/24
Kokomo,Kokomo,3/26/24
Ariel Dunes II 1410,Full Shoot,3/25/24
Ariel Dunes II 706,Full Shoot,3/25/24
1900 Ninety Eight,Complex,3/23/24
Majestic Sun 1203B,Remodel,3/23/24
About Time at Redfish,Exteriors,3/23/24
Ariel Dunes II 1506,Full Shoot,3/23/24
Majestic Sun 807A,Full Shoot,3/23/24
Happy Thoughts,Exteriors,3/20/24
Sea Breeze Cottage,Outdoor Shower + Hutchinson Beach Access,3/20/24
Grayton Magnolia,Full Shoot,3/19/24
The Pool House,Full Shoot,3/18/24
The Lonestar Sandcastle,Full Shoot,3/18/24
Sea Breeze Cottage,New Property,3/16/24
Majestic Sun 1002B,New Property,3/16/24
Legacy 501,Full Shoot,3/16/24
Emerald Waters 404,Paint + Furniture,3/14/24
Graytfully B,Pool (ground level),3/14/24
Watercolors,Drone + Golf Cart,3/14/24
Sandcastle on Camelot,New Property,3/13/24
Mainsail 433,New Property,3/13/24
Tivoli 5442,New Property,3/13/24
Shoreline Villas 9,Reno,3/12/24
Shell Yeah!,Drones need editing ,8/31/24
Avalon (Neighborhood),Pickleball Courts (8/22),9/3/24
Suagree Sands Exterior,Specail Request from RO,9/3/24
Shell Yeah!,Drones need editing ,9/3/24
Beachside Towers I 4125,FULL (New Flooring + Curtains),9/3/24
Beachside Towers I 4125,Full (total bedding),9/3/24
Blue Mountain Villas 12,Full (Reno),9/3/24
Memories at Inlet Beach,Full Interior + Balconies (after Jan 1st) (8/28),9/3/24
Sweet Spot,Adding two full baths (after 3/1/24),9/3/24
Who Sells Sea Shells,Full (new flooring) (8/21),9/3/24
Mainsail 247,Full,9/3/24
Seascape Resort (Neighborhood),Pickleball Courts (8/22),9/3/24
Beach Resort 402,"Living, Dining, Balcony, View (nice day) (8/21)",9/3/24
Mediterranea 305B,Full (total bedding) (OFF RENTAL),9/3/24
Eventide,Construction Update,9/4/24
Sandprint By The Sea,Exteriors + Drone (8/21),9/4/24
Ariel Dunes II 809,FULL (new furniture) (8/29),9/7/24
Kokomo,Full + Drones & From Water (post construction),9/10/24
Kokomo,Full (total bedding) (8/22),9/10/24
Family Tides,Full (Maintenance Block 467307 - Renovations),9/10/24
Sea Spray Cottage,,9/11/24
Silver Shells St Lucia 503,,9/14/24
About Time At Redfish,New Bath (Maintenance Block 473605) (8/24),9/14/24
Sea Haunts 3A,New Kitchen (Maintenance Block 469181) (8/27),9/14/24
Grayton Sea Glass,Front Paver Parking Pad + Drone (9/5),9/14/24
Paradise Villa,FULL (Interior + Ext Paint & Remodel) (8/24),9/14/24
Huntington by the Sea 302,"FULL (New furniture, paint, TVs - after 6/1/24) (8/27)",9/14/24
Driftwood Dreamin,Full (total bedding) (8/29),9/14/24
Seabiscuit,Full Int + Ext (TK Request) (9/11),9/17/24
Gulfstrand Down,Full (total bedding) (9/11),9/17/24
Amazing Grace ,"New flooring, furniture, and TVs (8/29)",9/17/24
Sea Cabins 4D,Full (total bedding),9/17/24
On Point,Full (total bedding) (9/4),9/17/24
Emerald Dunes,Complex & Drone Images,9/18/24
Ariel Dunes II Penthouse 2403,Living + Lower Balcony,9/18/24
Keylime Cottage - Full,,9/18/24
Southern Sands,Full (total bedding) (9/18),9/30/24
Castle of Dreams,Full (total bedding) (9/11),9/30/24
Blue Mountain Villas 34,Full (total bedding) (9/25),10/1/24
ABACO,Total Bedding (9/3),10/8/24
Destin Pointe Comm Pool + LZ RE,,10/8/24
Siesta Del Sol,,10/9/24
Bella Vista Luxe (LIVE),Need Drones + Morning Exteriors (had to shoot late due to owner's contractor),10/11/24
Take It Easy,,10/14/24
Aqua Waters,Drone to Beach,10/22/24
SunDestin 905,Full (total bedding),10/22/24
Sea La Vie,,10/22/24
Beachside Towers II 4210,Full (total bedding) (9/14),10/22/24
Salty Dawg,Full (Exterior Paint + Total Bedding) (9/17),10/22/24
Sea Bluff 3,"Living, Dining, Balcony (9/7)",10/22/24
CS308B,,10/22/24
Coral Rose,Full (total bedding) (9/17),10/22/24
Mediterranea 214E,,10/28/24
Majestic Sun 411A,Guest bedroom (F/T bunk removed and replaced with Full bed w/ Twin trundle) (9/5),10/28/24
Westwinds 4758,Full (total bedding) (9/25),10/28/24
Majestic Sun 411A,Guest bedroom (F/T bunk removed and replaced with Full bed w/ Twin trundle) (9/5),10/29/24
Ariel Dunes I 1002,New furniture and rugs on balcony,10/29/24
Tresca Pines,Drone: House with Gulf in BG,10/29/24
Beach House,Bedrooms (total bedding) (10/7),10/29/24
Shell Shack,Pool Deck + Low Altitude Drone showing House & Tiki (9/18),10/29/24
Vitamin Sea,Full (total bedding) (9/23),11/4/24
Sunny Daze,Full (total bedding),11/9/24
Family Tides 30A,,11/11/24
Vitamin Sea,Missing top floor bathroom off of guest bedroom,11/11/24
Amazing Grace,New primary exterior image - super low drone or right time of day? - RO,11/11/24
Blue Palmetto,Outdoor Shower,11/11/24
Saltwater Sisters,New primary + drone,11/11/24
Mainsail 154,Living and dining room,11/11/24
Crystal Sands 211A,Full (total bedding) (9/6),11/11/24
Beach Basket,Drones (9/19),11/11/24
Majestic Sun 811B,Full (total bedding) (9/26),11/11/24
Seas The Day,Construction Drone ,11/11/24
Majestic Sun 811B,Full (total bedding) (9/26),11/11/24
Panorama,Living + Dining (New furniture) (9/23),11/11/24
Beach Resort 409,Full (total bedding) (9/5),11/11/24
Beach Resort 409,Full (total bedding) (9/5),11/12/24
Beach Kisses,Exteriors + Drones + Drone of Open Gulf Street (construction is done),11/12/24
All 4 Fun,Update Exteriors (from 2017) (8/28),11/12/24
Morrow Cottage,Needs Exteriors (8/27),11/18/24
Oceania,Full (total bedding) (9/16),11/19/24
Amalfi Coast 415B,"Full - new furniture, decor throughout",11/19/24
Majestic Sun 507A,Full (new counters throughout),11/19/24
Sea Cabins 9B,New area rug in living room (reshoot living room),11/19/24
Black Jack Bungalow,Drones (9/6),11/24/24
Beachside Towers II 4243,"Bunk Room Converted After August 11 - And, new balcony and view photos with less people. ",11/25/24
92 Carolyn - RE Shoot,Drones only,11/25/24
Ramsgate Condominium Complex,Construction drones,11/26/24
Grayt Expectations,Living Room (Updated couch) (8/29),11/26/24
Summerspell 304,,11/26/24
Amalfi Coast 411A,"Living, Dining, Kitchen, Multiple Balcony Shots (9/5)",11/26/24
Mermaid's Retreat (30A Frame),,11/26/24
Puesta Del Sol,Full (total bedding) (10/3),11/26/24
Emerald Haven,Drones - construction should be done - primary image & walk to beach,11/26/24
Grayton Beach Villas 201,,11/26/24
Down By The Sea,Bathroom Remodel (Maintenance Block 471500) (8/29),11/26/24
Eau Naturale,"From Water, Drones, Exteriors, Living, Dining (post construction)",12/2/24
Lemon Drop,New flooring/stairs/railings,12/2/24
Treasure Chest,"Deck area has been painted, new furniture, etc (9/20)",12/2/24
Anchor Pointe,Drone to Beach + Low Pro Drone w/ Game Room (9/13),12/2/24
Grand Caribbean West 314,Reshoot on Nice Day (10/8),12/2/24
Beachwood Villas 13B,New living room and dining room furniture (9/10),12/2/24
Gone Coastal,Total Bedding,12/2/24
Cypress Sunset,Drones (9/10) & Pool Area - Construction completed per owner on 9/25,12/2/24
Happy Days,"New bed 2nd floor, king room on SE side of home, white wooden bed frame with headboard",12/3/24
Surfin' Safari,Full (total bedding) (10/2),12/3/24
Breeze Easy,Bedrooms and Bathrooms,12/3/24
Oceania,New couch on 2nd floor living room and owner would like to add a sunset view picture,12/3/24
Sandy by the Sea,Front Exterior w/ OR Sign + Living & Kitchen (new furniture) (10/15),12/3/24
Salt Water Serenity,Stage Bikes for Primary Image (9/6),12/3/24
214E Mediterranea,"Bedrooms, include ""fish lamp"" in at least one photo",12/3/24
Destined For Fun,,12/3/24
Palm Breeze,Living room shots: new leather living room set,12/3/24
Paradise Pointe,"Beige Sofa Removed from 3rd Floor Room, 1st Floor Kitchen Reflecting Backsplach, 1st Floor Den, 1st Floor Bedrooms with Lamps",12/3/24
Destin Pointe,Beach access update,12/3/24
Villa Vittoria,,12/11/24
Pet Sand,Full (total bedding) (9/20),12/11/24
Beachwood Villas,Complex Images (New pool decks and walkways) (9/10),12/11/24
Islamorada,"New landscaping, updated patio, updated a couple of living room items",12/16/24
Legacy,Construction Drone,12/16/24
Emerald Towers 1104,Full (total bedding) (9/27),12/16/24
1203A,Full Shoot - complete remodel,12/18/24
Seagrove Dunes Condo,Construction Drone - beach access being built next door,12/23/24
Mainsail 472,,12/27/24
1203A,Reshoots per owner,1/4/25
Tivoli 5298,New golf cart,1/4/25
Beachwalk Villas 5118,,1/6/25
Grayton Place 5,Owner requested full shoot - updates,1/7/25
Beachside Towers II 4282,,1/8/25
A Paradise Found,,1/8/25
Castle of Dreams,Updated drones with OR sign + Den/Master Bedroom,1/8/25
Grayton Place 5,Owner requested full shoot - updates,1/8/25
Cassine Gardens 111,Full (Owner did reno),1/8/25
Golden Sand,,1/8/25
4282,"Living Room, dining room reshoot - new LR table",1/11/25
Family Tides 30-A,Reshoot back yard after paver work,1/11/25
Shore-E-Nuff,Drones + From Water (post construction),1/13/25
Just Beachy,Updated construction Drone,1/13/25
Kokomo,From water image post construction,1/13/25
Beach Buddy,Full (Owner did lots of updates here and there),1/14/25
Cordelia,Spring: Front of House drone + 1st floor bedroom and 2nd floor K bedroom,1/15/25
Beach Buddy,Full (Owner did lots of updates here and there),1/15/25
Coastal Fantasea,,1/15/25
Suncatcher,Pool Deck + Patios (9/12),1/15/25
Beach Resort 311,Master Bedroom New flooring,1/15/25
Wahoo,Full (total bedding) (9/30),1/28/25
Memories at Inlet Beach,4th floor bedding. King was swapped with 2 twins.,1/29/25
302 Gulfside Okaloosa Island,Real Estate,2/4/25
Palms of Destin RE Shoot,Real Estate,2/4/25
Southern Wind,Full  - after set up is done (set up to begin 1/7),2/4/25
Sea Breeze Cottage,Owner updates,2/5/25
Once Upon A Tide,"Full Shoot + stage bikes, pool shots + drones",2/17/25
Empress 204,King guest bedroom has a new rug,2/18/25
Amalfi Coast 118B,,2/18/25
Breakaway,New couches (hold off until new year per owner - Jeff League),2/18/25
Emerald Dunes 105,Master bathroom remodeled.,2/18/25
Memories at Inlet Beach,Top floor King bed has been replaced with two twins.,2/18/25
Surfside 1407,Shoot all bedrooms - furniture updates,2/18/25
Ariel II 2403 Penthouse,"Balcony images make it look closer to beach than it is, top floor balcony has chairs now",2/19/25
Silver Shells St Lucia 503,Owner is doing some work and would like new photos after the 1st of the year.,2/19/25
Summerhaven Deck,,2/26/25
Cotton Candy,,3/3/25
Tradewinds 14,Full - New Floors + Bedding Swaps,3/3/25
Tradwinds Complex Drones,,3/3/25
MS215,Updated furniture and decor,3/3/25
Shoreline 9 #1,Construction Drone,3/4/25
Black Jack Bungalow,"Full (Owner did a remodel) Master Bedroom, Balconies,",3/4/25
MS471,,3/5/25
Sea Breeze Cottage,Owner Req exteriors,3/8/25
MS247,"Living, dining, balcony reshoot (AM shoot - balcony faces SW)",3/11/25
Crystal Sands 114A,,3/15/25
Buddy Street Retreat,,3/15/25
Seacove 7B,,3/17/25
Seacove,"Neighborhood Photos, Pool, Beach Access",3/17/25
Cliffview,,3/22/25
Breakaway,Kitcehn Remodel + NEw furniture (2/28 Maint Block 483361),3/22/25
LANDON 4,Full Shoot - New Flooring,3/23/25
Sea Cabins 4D,Full,3/23/25
Bella Mar,Owner updates - living room,3/23/25
Melomar,owner updates - Full after 3/9.,3/23/25
EMERGE,FULL,3/25/25
Paradis,Garage conversion,3/26/25
CS307B,Bathrooms,4/2/25
Amalfi Coast 411A,"Owner Updates - Kitchen appliances, Master Bedroom",4/2/25
Ariel Dunes I 506,"New appliance, balcony furniture, seating in living room and would like a direct view shot. ",4/2/25
Treasure Chest,Full Reno (Mid Feb),4/7/25
Shoreline 9 #1,Updated view shots (interior and from balcony),4/8/25
Ariel Dunes I 304,"Patio picture that shows the TV. HOA had us remove it, can't hang anything on the walls on the balcony.",4/8/25
Always Summer,Full + Exterior,4/9/25
Hideout,Full - Owner renovated whole inside,4/12/25
Always Summer,Full,4/12/25
Wahoo,Exteriors + Drone,4/12/25
Pinnacle Port C2-501,,4/14/25
Mainsail 178,Twins removed and Full bunk with trundle was put in.,4/15/25
Shore-E-Nuff,"No real updates from what we can tell, but it's trending way behind and will benifit from our new style",4/15/25
Ariel Dunes RE listing,,4/21/25
Sea Haunts 3A,"1st fl king bedroom, 3rd fl guest room, and livingroom. Owner painted, added new art and furniture",4/21/25
Sea Cabins 9B,Full (Owner updates),4/21/25
Sandy Dunes,Includes updated bunk room image,4/22/25
Tides 304,temp,4/22/25
Ariel Dunes 1 unit 2109,Kitchen + Dining Room (anything showing kitchen) Remodel + Bathrooms,4/22/25
Ariel Dunes II 2002,,4/22/25
Sunseeker 1,Owner remodel,4/26/25
Costa Del Sol A8,Owner updates,4/26/25
Caribbean Dunes 219,,4/26/25
Ariel Dunes II 404,"Owner updates - painting, painted furniture, moved furniture",4/29/25
Just Shellin',,4/29/25
R & R,,5/4/25
Beachwalk Villas 5118,Photos of the golf cart,5/4/25
Feeling Octomystic,,5/4/25
Amazing Grace,Exterior photos and anything showing the back yard. New paint and pool has turf near it.,5/6/25
Ramsgate Harbour 4,,5/6/25
Crawdaddt's Casa,Drone - Construction has been verifited complete. Can we reshoot this image?,5/6/25
Ariel Dunes II 1709,Full - Furniture and decore updates.,5/7/25
Costa Del Sol B3,Full (interior images only),5/7/25
About Time at Redfish,"Constrcution next door is complete.  Also, the homeowner is having roof work done",5/7/25
Cassine Gardens  111,"New living room furniture, Lamps, hung some new wall decor throughout.",5/7/25
Sea Spray ,Drone - beach vegetation removed,5/11/25
Beachwood Villas 14D,Full,5/11/25
Beachwood Villas 10G,new furniture in the living room. new furniture on the porch. Bedrooms upgrade the lampshades.,5/11/25
AC108,Full (be sure to photograph the dining room table per *O),5/11/25
Palms 21003 updates,,5/11/25
1203A (SPRING),Shoot balconies when beach chairs and umbrellas are back out,5/11/25
Lemon Drop,Pool pictures from all angles plus drone,5/11/25
Costa Blanca 300,,5/11/25
Blue Mountain Villas 34,"New paint, new kitchen, added bunks on 2nd floor, and new flooring. ",5/19/25
Eventide,,5/21/25
Mario Cottage,Owner Updates - interior and exterior,5/24/25
Empress 503,"New flooring, furniture, appliances and rugs",5/27/25
MS352,,5/27/25
Ciboney 1004,"New counter top, furniture, appliance, and painted their walls",5/27/25
Blessed House,"Full reshoot, interior and exterior",6/2/25
Vitamin Sea,Pool has been completely rebuilt and updated lanscape,6/2/25
LONE STAR,Construction Drone ,6/3/25
Ariel Dunes I 1910,,6/10/25
Sandy Cheeks,"Full + Drones, Bikes, Master Bath (9/18 - Maintenance Block 487839)",6/18/25
Crystal Dunes 504,New floors and 3rd floor bedroom bathroom remodel,6/18/25
Ramsgate 9,Interior View and Exterior - Construction - New Couch,6/21/25
Ramsgate 9,Update View Photos and any interior shots impacted by the construciton next door,6/21/25
Ramsgate Harbour,Need complex images. At least 4,6/21/25
Driftwood Dreamin,Updated furnishing,6/21/25
Mainsail 151,Full,6/21/25
Ariel Dunes I 1910,Full,6/21/25
Legacy 102,New furniture and layout,6/21/25
Crystal Dunes 206,,7/1/25
Majestic Sun 804B,Whole units been updated back in 2022 - Need this done asap.,7/2/25